Wavelength,Black rubber,Window glass,Slate sonte,White marble,Fiberglass,Rubberized coating
0.300000,4.950000,5.820000,10.230000,29.350000,6.770000,5.490000
0.302000,4.970000,5.790000,10.350000,29.719999,6.800000,5.530000
0.304000,4.980000,5.770000,10.480000,30.080000,6.820000,5.560000
0.306000,5.000000,5.750000,10.590000,30.410000,6.840000,5.580000
0.308000,5.010000,5.740000,10.690000,30.740000,6.850000,5.590000
0.310000,5.030000,5.740000,10.780000,31.059999,6.850000,5.600000
0.312000,5.040000,5.740000,10.870000,31.370001,6.840000,5.610000
0.314000,5.060000,5.740000,10.940000,31.680000,6.820000,5.610000
0.316000,5.070000,5.750000,11.050000,32.000000,6.790000,5.600000
0.318000,5.080000,5.780000,11.290000,32.419998,6.750000,5.570000
0.320000,5.090000,5.810000,11.550000,32.840000,6.690000,5.540000
0.322000,5.100000,5.840000,11.600000,33.139999,6.650000,5.520000
0.324000,5.110000,5.890000,11.650000,33.439999,6.610000,5.500000
0.326000,5.130000,5.980000,11.700000,33.750000,6.560000,5.480000
0.328000,5.140000,6.100000,11.740000,34.060001,6.520000,5.450000
0.330000,5.150000,6.280000,11.780000,34.369999,6.480000,5.430000
0.332000,5.160000,6.520000,11.820000,34.689999,6.440000,5.420000
0.334000,5.170000,6.830000,11.850000,35.000000,6.400000,5.400000
0.336000,5.180000,7.200000,11.890000,35.330002,6.380000,5.390000
0.338000,5.190000,7.620000,11.930000,35.680000,6.350000,5.390000
0.340000,5.210000,8.070000,11.960000,36.040001,6.350000,5.390000
0.342000,5.220000,8.540000,12.000000,36.419998,6.350000,5.410000
0.344000,5.230000,9.010000,12.040000,36.830002,6.380000,5.430000
0.346000,5.240000,9.460000,12.090000,37.250000,6.420000,5.480000
0.348000,5.250000,9.890000,12.140000,37.689999,6.480000,5.530000
0.350000,5.260000,10.270000,12.180000,38.160000,6.550000,5.610000
0.352000,5.270000,10.610000,12.230000,38.650002,6.650000,5.700000
0.354000,5.280000,10.920000,12.290000,39.180000,6.780000,5.810000
0.356000,5.290000,11.180000,12.350000,39.740002,6.920000,5.940000
0.358000,5.310000,11.400000,12.410000,40.320000,7.090000,6.080000
0.360000,5.320000,11.590000,12.480000,40.930000,7.280000,6.250000
0.362000,5.340000,11.740000,12.540000,41.580002,7.500000,6.440000
0.364000,5.350000,11.850000,12.610000,42.250000,7.750000,6.660000
0.366000,5.360000,11.910000,12.680000,42.970001,8.020000,6.900000
0.368000,5.380000,11.950000,12.750000,43.709999,8.330000,7.170000
0.370000,5.400000,11.930000,12.830000,44.490002,8.680000,7.480000
0.372000,5.420000,11.870000,12.910000,45.299999,9.080000,7.830000
0.374000,5.440000,11.770000,13.000000,46.150002,9.540000,8.210000
0.376000,5.470000,11.660000,13.100000,47.029999,10.070000,8.670000
0.378000,5.480000,11.550000,13.240000,48.070000,10.780000,9.270000
0.380000,5.510000,11.520000,13.400000,49.150002,11.660000,9.990000
0.382000,5.530000,11.560000,13.510000,50.070000,12.610000,10.750000
0.384000,5.550000,11.650000,13.640000,50.980000,13.760000,11.670000
0.386000,5.570000,11.760000,13.770000,51.889999,15.170000,12.780000
0.388000,5.590000,11.870000,13.910000,52.770000,16.879999,14.090000
0.390000,5.620000,11.960000,14.040000,53.619999,18.930000,15.610000
0.392000,5.640000,12.030000,14.180000,54.439999,21.309999,17.330000
0.394000,5.650000,12.070000,14.300000,55.209999,23.980000,19.230000
0.396000,5.670000,12.110000,14.410000,55.959999,26.900000,21.260000
0.398000,5.690000,12.120000,14.520000,56.669998,30.010000,23.350000
0.400000,5.710000,12.130000,14.610000,57.340000,33.200001,25.450001
0.402000,5.720000,12.120000,14.690000,57.970001,36.389999,27.480000
0.404000,5.740000,12.100000,14.760000,58.580002,39.410000,29.389999
0.406000,5.750000,12.070000,14.830000,59.160000,42.180000,31.110001
0.408000,5.760000,12.040000,14.900000,59.709999,44.610001,32.599998
0.410000,5.780000,12.010000,14.960000,60.220001,46.660000,33.849998
0.412000,5.790000,11.970000,15.030000,60.720001,48.360001,34.900002
0.414000,5.800000,11.940000,15.100000,61.200001,49.720001,35.750000
0.416000,5.810000,11.910000,15.170000,61.680000,50.810001,36.459999
0.418000,5.830000,11.890000,15.230000,62.150002,51.689999,37.070000
0.420000,5.840000,11.870000,15.290000,62.619999,52.389999,37.599998
0.422000,5.850000,11.850000,15.360000,63.090000,52.990002,38.070000
0.424000,5.870000,11.840000,15.420000,63.549999,53.490002,38.509998
0.426000,5.880000,11.820000,15.480000,64.029999,53.950001,38.930000
0.428000,5.900000,11.810000,15.540000,64.510002,54.380001,39.330002
0.430000,5.910000,11.790000,15.600000,64.989998,54.779999,39.730000
0.432000,5.920000,11.770000,15.660000,65.470001,55.160000,40.110001
0.434000,5.940000,11.750000,15.720000,65.949997,55.509998,40.470001
0.436000,5.950000,11.740000,15.770000,66.419998,55.860001,40.840000
0.438000,5.960000,11.730000,15.820000,66.879997,56.189999,41.189999
0.440000,5.970000,11.720000,15.870000,67.309998,56.490002,41.509998
0.442000,5.980000,11.720000,15.930000,67.720001,56.779999,41.790001
0.444000,5.980000,11.720000,15.980000,68.110001,57.040001,42.049999
0.446000,5.990000,11.720000,16.020000,68.459999,57.290001,42.299999
0.448000,6.000000,11.720000,16.059999,68.779999,57.509998,42.520000
0.450000,6.000000,11.730000,16.100000,69.070000,57.720001,42.720001
0.452000,6.000000,11.730000,16.129999,69.349998,57.900002,42.910000
0.454000,6.010000,11.740000,16.160000,69.589996,58.080002,43.080002
0.456000,6.010000,11.740000,16.170000,69.809998,58.230000,43.240002
0.458000,6.010000,11.740000,16.190001,70.000000,58.380001,43.400002
0.460000,6.020000,11.750000,16.219999,70.190002,58.549999,43.570000
0.462000,6.030000,11.750000,16.240000,70.370003,58.689999,43.740002
0.464000,6.030000,11.750000,16.270000,70.529999,58.840000,43.880001
0.466000,6.030000,11.750000,16.299999,70.709999,58.980000,44.020000
0.468000,6.040000,11.740000,16.320000,70.870003,59.130001,44.169998
0.470000,6.040000,11.740000,16.340000,71.040001,59.279999,44.310001
0.472000,6.040000,11.730000,16.370001,71.199997,59.419998,44.459999
0.474000,6.050000,11.730000,16.389999,71.379997,59.580002,44.619999
0.476000,6.050000,11.720000,16.410000,71.559998,59.750000,44.799999
0.478000,6.060000,11.720000,16.430000,71.739998,59.910000,44.950001
0.480000,6.060000,11.710000,16.459999,71.940002,60.080002,45.119999
0.482000,6.060000,11.710000,16.480000,72.160004,60.279999,45.290001
0.484000,6.060000,11.700000,16.500000,72.370003,60.480000,45.450001
0.486000,6.060000,11.690000,16.510000,72.570000,60.650002,45.619999
0.488000,6.060000,11.680000,16.530001,72.800003,60.830002,45.820000
0.490000,6.060000,11.670000,16.540001,73.040001,61.020000,46.020000
0.492000,6.070000,11.660000,16.549999,73.279999,61.200001,46.230000
0.494000,6.080000,11.650000,16.559999,73.519997,61.380001,46.459999
0.496000,6.090000,11.640000,16.570000,73.769997,61.549999,46.709999
0.498000,6.110000,11.630000,16.590000,74.010002,61.720001,46.939999
0.500000,6.120000,11.630000,16.620001,74.260002,61.900002,47.169998
0.502000,6.130000,11.620000,16.639999,74.500000,62.060001,47.389999
0.504000,6.130000,11.620000,16.660000,74.750000,62.230000,47.599998
0.506000,6.140000,11.610000,16.680000,75.000000,62.410000,47.810001
0.508000,6.150000,11.610000,16.700001,75.260002,62.590000,48.020000
0.510000,6.150000,11.600000,16.709999,75.500000,62.759998,48.209999
0.512000,6.160000,11.590000,16.719999,75.720001,62.919998,48.389999
0.514000,6.160000,11.580000,16.740000,75.959999,63.090000,48.580002
0.516000,6.160000,11.570000,16.740000,76.180000,63.250000,48.779999
0.518000,6.170000,11.560000,16.750000,76.400002,63.410000,48.959999
0.520000,6.180000,11.550000,16.760000,76.620003,63.560001,49.130001
0.522000,6.180000,11.540000,16.770000,76.830002,63.730000,49.310001
0.524000,6.180000,11.530000,16.780001,77.040001,63.869999,49.490002
0.526000,6.190000,11.520000,16.780001,77.239998,64.019997,49.669998
0.528000,6.190000,11.510000,16.790001,77.430000,64.169998,49.849998
0.530000,6.200000,11.500000,16.790001,77.610001,64.309998,50.009998
0.532000,6.200000,11.490000,16.809999,77.800003,64.449997,50.180000
0.534000,6.210000,11.480000,16.820000,77.970001,64.599998,50.349998
0.536000,6.210000,11.470000,16.830000,78.139999,64.739998,50.520000
0.538000,6.210000,11.460000,16.840000,78.309998,64.870003,50.680000
0.540000,6.220000,11.440000,16.850000,78.470001,65.000000,50.830002
0.542000,6.220000,11.430000,16.860001,78.629997,65.129997,50.990002
0.544000,6.220000,11.420000,16.879999,78.779999,65.269997,51.139999
0.546000,6.230000,11.410000,16.900000,78.919998,65.389999,51.290001
0.548000,6.230000,11.400000,16.920000,79.070000,65.519997,51.450001
0.550000,6.240000,11.390000,16.950001,79.209999,65.639999,51.599998
0.552000,6.240000,11.370000,16.969999,79.330002,65.750000,51.740002
0.554000,6.240000,11.360000,17.000000,79.449997,65.860001,51.889999
0.556000,6.250000,11.340000,17.030001,79.559998,65.980003,52.020000
0.558000,6.250000,11.330000,17.070000,79.690002,66.110001,52.160000
0.560000,6.250000,11.320000,17.100000,79.809998,66.220001,52.279999
0.562000,6.260000,11.300000,17.129999,79.900002,66.320000,52.389999
0.564000,6.260000,11.290000,17.160000,79.989998,66.430000,52.509998
0.566000,6.260000,11.270000,17.209999,80.080002,66.529999,52.639999
0.568000,6.260000,11.260000,17.260000,80.160004,66.629997,52.759998
0.570000,6.270000,11.240000,17.320000,80.239998,66.730003,52.880001
0.572000,6.270000,11.220000,17.379999,80.330002,66.830002,53.009998
0.574000,6.270000,11.210000,17.440001,80.410004,66.930000,53.110001
0.576000,6.270000,11.190000,17.500000,80.480003,67.029999,53.220001
0.578000,6.270000,11.170000,17.549999,80.540001,67.089996,53.320000
0.580000,6.280000,11.150000,17.610001,80.610001,67.180000,53.419998
0.582000,6.280000,11.130000,17.670000,80.669998,67.269997,53.509998
0.584000,6.280000,11.120000,17.719999,80.730003,67.349998,53.619999
0.586000,6.280000,11.100000,17.780001,80.779999,67.430000,53.700001
0.588000,6.280000,11.080000,17.820000,80.830002,67.510002,53.799999
0.590000,6.280000,11.070000,17.870001,80.879997,67.580002,53.880001
0.592000,6.290000,11.050000,17.910000,80.919998,67.639999,53.959999
0.594000,6.290000,11.030000,17.950001,80.949997,67.699997,54.040001
0.596000,6.290000,11.010000,17.980000,81.000000,67.769997,54.130001
0.598000,6.290000,11.000000,18.010000,81.059998,67.849998,54.200001
0.600000,6.290000,10.980000,18.030001,81.089996,67.910004,54.270000
0.602000,6.290000,10.960000,18.059999,81.129997,67.989998,54.340000
0.604000,6.290000,10.940000,18.080000,81.169998,68.050003,54.430000
0.606000,6.290000,10.920000,18.100000,81.199997,68.099998,54.500000
0.608000,6.290000,10.900000,18.110001,81.239998,68.180000,54.560001
0.610000,6.290000,10.880000,18.120001,81.269997,68.239998,54.630001
0.612000,6.290000,10.860000,18.129999,81.300003,68.290001,54.700001
0.614000,6.300000,10.840000,18.139999,81.339996,68.349998,54.759998
0.616000,6.290000,10.820000,18.139999,81.370003,68.410004,54.820000
0.618000,6.300000,10.800000,18.150000,81.400002,68.470001,54.889999
0.620000,6.300000,10.780000,18.150000,81.430000,68.529999,54.959999
0.622000,6.300000,10.760000,18.150000,81.470001,68.589996,55.029999
0.624000,6.300000,10.740000,18.150000,81.510002,68.639999,55.090000
0.626000,6.300000,10.720000,18.150000,81.540001,68.680000,55.139999
0.628000,6.300000,10.700000,18.150000,81.580002,68.739998,55.209999
0.630000,6.300000,10.680000,18.150000,81.610001,68.800003,55.270000
0.632000,6.300000,10.650000,18.139999,81.660004,68.860001,55.330002
0.634000,6.300000,10.640000,18.150000,81.720001,68.919998,55.389999
0.636000,6.300000,10.610000,18.139999,81.750000,68.980003,55.450001
0.638000,6.310000,10.590000,18.139999,81.790001,69.029999,55.509998
0.640000,6.300000,10.570000,18.139999,81.830002,69.089996,55.570000
0.642000,6.310000,10.550000,18.129999,81.860001,69.129997,55.630001
0.644000,6.300000,10.530000,18.129999,81.879997,69.169998,55.680000
0.646000,6.310000,10.510000,18.129999,81.930000,69.230003,55.740002
0.648000,6.310000,10.490000,18.129999,81.980003,69.290001,55.799999
0.650000,6.310000,10.470000,18.129999,82.029999,69.349998,55.869999
0.652000,6.310000,10.450000,18.129999,82.070000,69.389999,55.919998
0.654000,6.310000,10.430000,18.129999,82.110001,69.440002,55.980000
0.656000,6.310000,10.410000,18.129999,82.160004,69.489998,56.040001
0.658000,6.310000,10.390000,18.129999,82.209999,69.550003,56.090000
0.660000,6.310000,10.370000,18.129999,82.250000,69.610001,56.150002
0.662000,6.310000,10.350000,18.139999,82.279999,69.660004,56.209999
0.664000,6.310000,10.330000,18.139999,82.339996,69.699997,56.279999
0.666000,6.320000,10.310000,18.150000,82.400002,69.760002,56.330002
0.668000,6.320000,10.290000,18.150000,82.440002,69.790001,56.369999
0.670000,6.320000,10.270000,18.160000,82.480003,69.839996,56.410000
0.672000,6.320000,10.250000,18.160000,82.529999,69.900002,56.470001
0.674000,6.320000,10.230000,18.170000,82.599998,69.959999,56.549999
0.676000,6.320000,10.210000,18.180000,82.639999,70.000000,56.610001
0.678000,6.320000,10.180000,18.190001,82.669998,70.050003,56.650002
0.680000,6.320000,10.160000,18.209999,82.699997,70.099998,56.680000
0.682000,6.320000,10.140000,18.209999,82.720001,70.139999,56.750000
0.684000,6.320000,10.110000,18.219999,82.739998,70.180000,56.799999
0.686000,6.330000,10.090000,18.240000,82.779999,70.220001,56.840000
0.688000,6.320000,10.070000,18.250000,82.800003,70.250000,56.889999
0.690000,6.330000,10.040000,18.299999,82.849998,70.320000,56.959999
0.692000,6.330000,10.020000,18.320000,82.889999,70.360001,57.000000
0.694000,6.330000,10.000000,18.340000,82.930000,70.410004,57.049999
0.696000,6.330000,9.980000,18.360001,82.959999,70.459999,57.110001
0.698000,6.330000,9.960000,18.379999,83.019997,70.529999,57.180000
0.700000,6.330000,9.940000,18.400000,83.050003,70.570000,57.220001
0.702000,6.330000,9.910000,18.430000,83.099998,70.620003,57.279999
0.704000,6.330000,9.900000,18.450001,83.139999,70.660004,57.330002
0.706000,6.330000,9.870000,18.480000,83.150002,70.690002,57.360001
0.708000,6.330000,9.850000,18.500000,83.199997,70.739998,57.419998
0.710000,6.340000,9.820000,18.530001,83.250000,70.790001,57.470001
0.712000,6.340000,9.800000,18.559999,83.290001,70.830002,57.520000
0.714000,6.340000,9.780000,18.590000,83.309998,70.870003,57.570000
0.716000,6.340000,9.760000,18.620001,83.349998,70.919998,57.610001
0.718000,6.340000,9.730000,18.650000,83.379997,70.970001,57.660000
0.720000,6.340000,9.710000,18.670000,83.400002,70.989998,57.700001
0.722000,6.340000,9.690000,18.709999,83.440002,71.029999,57.750000
0.724000,6.340000,9.660000,18.740000,83.480003,71.099998,57.820000
0.726000,6.340000,9.650000,18.780001,83.510002,71.150002,57.860001
0.728000,6.340000,9.620000,18.799999,83.529999,71.160004,57.880001
0.730000,6.340000,9.600000,18.840000,83.559998,71.199997,57.939999
0.732000,6.350000,9.580000,18.879999,83.599998,71.250000,57.990002
0.734000,6.350000,9.560000,18.910000,83.629997,71.300003,58.040001
0.736000,6.350000,9.530000,18.950001,83.660004,71.330002,58.070000
0.738000,6.350000,9.510000,18.980000,83.680000,71.379997,58.099998
0.740000,6.350000,9.490000,19.010000,83.699997,71.400002,58.130001
0.742000,6.350000,9.470000,19.040001,83.730003,71.430000,58.180000
0.744000,6.350000,9.450000,19.080000,83.769997,71.500000,58.240002
0.746000,6.350000,9.430000,19.110001,83.800003,71.540001,58.279999
0.748000,6.350000,9.410000,19.139999,83.809998,71.559998,58.310001
0.750000,6.350000,9.380000,19.170000,83.830002,71.589996,58.330002
0.752000,6.360000,9.360000,19.200001,83.870003,71.629997,58.380001
0.754000,6.360000,9.340000,19.230000,83.879997,71.650002,58.410000
0.756000,6.360000,9.320000,19.260000,83.919998,71.650002,58.459999
0.758000,6.360000,9.300000,19.280001,83.959999,71.709999,58.500000
0.760000,6.360000,9.280000,19.309999,83.959999,71.739998,58.540001
0.762000,6.360000,9.250000,19.340000,83.970001,71.760002,58.580002
0.764000,6.360000,9.240000,19.360001,83.989998,71.790001,58.619999
0.766000,6.360000,9.210000,19.379999,84.019997,71.830002,58.669998
0.768000,6.360000,9.190000,19.400000,84.040001,71.889999,58.709999
0.770000,6.360000,9.180000,19.420000,84.070000,71.930000,58.750000
0.772000,6.360000,9.150000,19.440001,84.099998,71.980003,58.810001
0.774000,6.360000,9.130000,19.459999,84.110001,72.019997,58.840000
0.776000,6.370000,9.120000,19.480000,84.160004,72.080002,58.880001
0.778000,6.370000,9.100000,19.500000,84.180000,72.139999,58.959999
0.780000,6.370000,9.080000,19.500000,84.190002,72.139999,59.000000
0.782000,6.360000,9.060000,19.520000,84.190002,72.160004,59.040001
0.784000,6.370000,9.040000,19.530001,84.209999,72.199997,59.080002
0.786000,6.370000,9.010000,19.540001,84.220001,72.230003,59.099998
0.788000,6.370000,9.000000,19.540001,84.250000,72.250000,59.150002
0.790000,6.370000,8.980000,19.540001,84.290001,72.290001,59.189999
0.792000,6.370000,8.970000,19.549999,84.290001,72.309998,59.220001
0.794000,6.370000,8.950000,19.540001,84.309998,72.330002,59.240002
0.796000,6.380000,8.940000,19.549999,84.309998,72.379997,59.290001
0.798000,6.370000,8.920000,19.549999,84.339996,72.430000,59.320000
0.800000,6.370000,8.900000,19.540001,84.339996,72.459999,59.340000
0.820000,6.370000,8.730000,19.389999,84.470001,72.660004,59.619999
0.840000,6.370000,8.590000,19.150000,84.550003,72.910004,59.930000
0.860000,6.380000,8.460000,18.950001,84.660004,73.169998,60.230000
0.880000,6.640000,8.420000,18.959999,84.239998,73.419998,60.060001
0.900000,6.750000,8.400000,18.920000,83.970001,73.480003,59.950001
0.920000,6.650000,8.190000,18.990000,83.779999,73.349998,59.759998
0.940000,6.450000,7.860000,18.730000,83.650002,73.430000,59.970001
0.960000,6.380000,7.730000,18.760000,83.889999,73.900002,60.619999
0.980000,6.380000,7.720000,19.020000,84.070000,74.180000,61.049999
1.000000,6.410000,7.690000,19.080000,84.250000,74.360001,61.340000
1.020000,6.430000,7.660000,19.040001,84.410004,74.389999,61.580002
1.040000,6.430000,7.640000,18.959999,84.540001,74.480003,61.759998
1.060000,6.450000,7.640000,18.799999,84.739998,74.709999,62.130001
1.080000,6.440000,7.650000,18.549999,84.970001,74.959999,62.549999
1.100000,6.440000,7.640000,18.400000,85.220001,75.190002,62.790001
1.120000,6.440000,7.640000,18.250000,85.459999,75.349998,63.029999
1.140000,6.430000,7.640000,18.139999,85.589996,75.029999,62.930000
1.160000,6.430000,7.650000,17.990000,85.629997,73.690002,62.080002
1.180000,6.470000,7.690000,18.020000,85.690002,71.589996,60.669998
1.200000,6.450000,7.690000,17.879999,85.839996,69.029999,58.860001
1.220000,6.460000,7.710000,17.870001,86.320000,69.459999,59.230000
1.240000,6.440000,7.740000,17.840000,86.779999,73.050003,62.060001
1.260000,6.410000,7.770000,17.860001,87.059998,74.519997,63.270000
1.280000,6.420000,7.820000,17.840000,87.230003,74.989998,63.810001
1.300000,6.430000,7.860000,17.830000,87.339996,75.230003,64.029999
1.320000,6.430000,7.910000,17.760000,87.309998,75.290001,64.269997
1.340000,6.410000,7.980000,17.740000,87.099998,75.150002,64.230003
1.360000,6.380000,7.980000,17.690001,86.790001,74.209999,63.450001
1.380000,6.390000,8.050000,17.610001,85.889999,70.870003,60.910000
1.400000,6.380000,8.110000,17.240000,83.279999,68.080002,58.720001
1.420000,6.390000,8.180000,17.170000,81.250000,66.860001,57.720001
1.440000,6.370000,8.280000,17.480000,80.790001,67.120003,57.990002
1.460000,6.390000,8.350000,17.440001,80.660004,68.099998,58.709999
1.480000,6.390000,8.460000,17.450001,81.570000,68.970001,59.480000
1.500000,6.390000,8.510000,17.400000,83.239998,69.839996,60.290001
1.520000,6.360000,8.580000,17.330000,84.379997,70.339996,60.830002
1.540000,6.350000,8.650000,17.330000,84.830002,70.639999,61.180000
1.560000,6.390000,8.710000,17.270000,84.330002,71.019997,61.580002
1.580000,6.390000,8.760000,17.240000,85.669998,71.169998,61.810001
1.600000,6.400000,8.790000,17.209999,86.639999,71.190002,61.880001
1.620000,6.380000,8.790000,17.209999,86.400002,70.989998,61.900002
1.640000,6.370000,8.820000,17.240000,85.510002,70.470001,61.520000
1.660000,6.390000,8.860000,17.260000,85.339996,69.410004,60.779999
1.680000,6.360000,8.830000,17.180000,84.559998,66.730003,58.720001
1.700000,6.390000,8.890000,17.219999,81.449997,58.009998,51.830002
1.720000,6.380000,8.900000,17.219999,78.480003,48.570000,44.000000
1.740000,6.380000,8.880000,17.200001,77.160004,49.150002,44.500000
1.760000,6.340000,8.850000,17.160000,77.900002,50.740002,45.900002
1.780000,6.350000,8.850000,17.200001,82.349998,54.070000,48.669998
1.800000,6.340000,8.860000,17.180000,81.519997,55.000000,49.520000
1.820000,6.340000,8.810000,17.129999,76.779999,55.400002,49.759998
1.840000,6.350000,8.760000,17.120001,68.510002,56.270000,50.369999
1.860000,6.320000,8.680000,17.070000,59.259998,57.270000,51.200001
1.880000,6.300000,8.690000,17.049999,53.880001,57.029999,50.810001
1.900000,6.250000,8.690000,16.980000,62.790001,54.630001,48.310001
1.920000,6.250000,8.680000,16.940001,61.660000,51.240002,45.110001
1.940000,6.240000,8.660000,16.940001,59.439999,49.369999,43.480000
1.960000,6.300000,8.700000,16.990000,55.090000,48.950001,43.180000
1.980000,6.270000,8.680000,17.040001,50.740002,49.380001,43.619999
2.000000,6.310000,8.700000,17.040001,48.570000,50.040001,44.320000
2.020000,6.290000,8.630000,17.110001,63.279999,51.070000,45.250000
2.040000,6.290000,8.670000,17.090000,72.279999,51.950001,46.029999
2.060000,6.270000,8.590000,17.129999,75.099998,52.630001,46.610001
2.080000,6.230000,8.590000,17.240000,74.360001,53.310001,47.240002
2.100000,6.260000,8.620000,17.240000,70.129997,53.930000,47.610001
2.120000,6.250000,8.620000,17.309999,63.810001,54.080002,47.919998
2.140000,6.240000,8.650000,17.280001,53.900002,53.849998,47.680000
2.160000,6.290000,8.600000,17.219999,47.560001,53.250000,47.380001
2.180000,6.280000,8.580000,16.809999,52.980000,52.599998,47.000000
2.200000,6.260000,8.440000,16.370001,52.889999,51.279999,46.080002
2.220000,6.280000,8.470000,16.660000,45.369999,49.009998,44.299999
2.240000,6.230000,8.450000,16.799999,35.290001,45.310001,41.200001
2.260000,6.594320,8.457500,16.375040,25.643200,40.366840,36.455898
2.280000,6.445520,7.810700,16.564100,17.915001,31.378860,28.723320
2.300000,6.461940,8.497700,16.142040,13.528200,23.152399,21.629061
2.320000,6.424400,8.559800,16.469561,11.568800,23.118441,21.299200
2.340000,6.394200,8.467000,15.566940,9.876700,23.305719,21.406521
2.360000,6.524660,8.383900,15.576560,15.250600,21.711020,20.039881
2.380000,6.342300,8.299400,15.952260,28.476400,21.884260,20.065399
2.400000,6.430560,8.709300,15.692700,31.906601,21.463120,19.749180
2.420000,6.480480,8.326800,15.913380,27.974001,22.084860,20.441641
2.440000,6.222120,8.204700,15.513480,20.032600,22.754200,20.817980
2.460000,6.183640,8.227700,15.652560,13.725200,23.391680,21.189939
2.480000,6.269380,8.342500,15.555240,9.580600,23.403259,21.524200
2.500000,6.219820,8.386000,15.806680,8.342300,23.924120,21.715860
2.520000,6.477320,8.224300,15.891800,7.452700,24.084600,21.947100
2.540000,6.360040,8.202100,15.953440,7.342500,24.263700,22.192579
2.560000,6.331900,8.097500,16.048340,12.399300,24.851681,22.688360
2.580000,6.300720,8.143700,15.993320,19.959000,25.308340,23.032320
2.600000,6.216800,8.113600,15.884140,28.845600,25.477980,22.901320
2.620000,6.281040,7.916600,15.636120,33.410400,25.410780,22.842779
2.640000,6.222140,7.933800,15.569220,35.828400,25.391760,22.927441
2.660000,6.237940,7.838800,15.546300,34.257999,25.002300,22.338381
2.680000,6.239060,7.508300,15.001840,28.657400,23.260281,20.480721
2.700000,6.094900,6.994200,13.478220,19.218800,18.627001,15.839900
2.720000,5.612960,5.833900,8.340240,12.113800,14.035220,11.316100
2.740000,5.305660,4.696400,5.026700,9.150800,11.470060,8.750800
2.760000,5.223140,4.163300,4.757720,7.657500,9.869260,7.468180
2.780000,5.730580,4.030700,5.624480,6.192600,9.026780,6.806760
2.800000,6.006380,3.797800,6.526340,6.264300,8.569540,6.351800
2.820000,6.083580,3.808900,6.975440,6.963800,8.085500,5.994320
2.840000,5.950380,3.826800,7.341060,7.294600,8.061240,5.828060
2.860000,5.898100,3.707200,7.265980,7.190600,7.902080,5.746800
2.880000,5.887880,3.872900,6.905520,7.027300,7.761040,5.367920
2.900000,5.899860,3.723500,6.560820,6.956400,7.701540,5.183060
2.920000,6.006040,3.843400,6.676560,6.808900,7.517680,5.534520
2.940000,6.056100,3.823100,6.700820,6.646600,7.524880,5.291740
2.960000,5.978220,4.222000,6.792300,6.581700,7.645520,5.444360
2.980000,5.926320,3.901700,6.870280,6.532500,7.615160,5.474420
3.000000,5.909380,3.730700,7.230220,6.388300,7.537940,5.496560
3.020000,5.885420,3.604200,7.204200,6.292200,7.564200,5.523620
3.040000,5.851440,3.895600,7.381020,6.022500,7.616440,5.682740
3.060000,6.136900,4.055700,7.852120,5.887700,7.750460,5.444920
3.080000,5.964040,3.925300,8.263980,5.621400,7.886380,5.832600
3.100000,5.972020,4.015900,8.545140,5.326000,7.724080,5.877480
3.120000,5.912700,4.140500,8.783440,5.174500,7.800420,5.864360
3.140000,5.933940,3.968300,9.621440,5.124300,8.002660,5.904800
3.160000,6.033040,3.872100,9.731240,5.275500,8.163080,5.996140
3.180000,6.040960,3.969900,10.051380,5.592600,8.087900,6.047160
3.200000,6.176380,3.985000,10.195620,5.588400,8.290840,6.153840
3.220000,6.049220,4.124200,10.609000,5.519200,8.200340,6.285680
3.240000,6.143000,4.025200,10.733420,5.294400,8.295960,6.414540
3.260000,6.100240,3.934100,10.661280,5.115800,8.418800,6.129560
3.280000,6.011780,3.903600,10.287260,4.776800,8.378320,6.263040
3.300000,5.964960,3.796000,10.562100,4.487300,8.272420,6.462660
3.320000,6.044980,3.771900,10.854260,4.105000,8.036320,6.198040
3.340000,5.947120,3.804000,10.917960,3.704700,7.545000,5.961400
3.360000,5.871240,3.878500,11.171620,3.573000,6.754020,5.275940
3.380000,5.698800,3.672200,11.337360,3.563700,5.948760,4.673140
3.400000,5.431980,3.755100,11.467380,3.542000,5.306100,4.054540
3.420000,5.367700,3.855000,11.906020,3.631800,5.339180,3.858600
3.440000,5.785900,3.606700,12.156160,3.531700,5.813660,4.300400
3.460000,5.938280,3.580300,12.456400,3.501600,6.316220,4.882960
3.480000,5.911140,3.641400,12.971820,3.271300,6.405560,4.723840
3.500000,5.751260,3.536600,13.068660,3.433300,6.062900,4.402800
3.520000,6.067540,3.621800,13.326760,3.702400,6.323900,4.859020
3.540000,6.212440,3.558700,13.597620,3.975700,7.300900,5.714860
3.560000,6.229560,3.341200,13.802460,4.172900,7.801140,6.194620
3.580000,6.212740,3.427000,14.292560,4.321000,8.157940,6.630160
3.600000,6.281820,3.318600,14.722540,4.669500,8.632560,6.979540
3.620000,6.253120,3.304400,14.774140,4.905800,8.803000,7.158220
3.640000,6.285140,3.450900,15.215180,5.039900,8.901020,7.284880
3.660000,6.266780,3.675400,15.395300,5.176500,8.841340,7.363960
3.680000,6.140440,3.484000,15.612540,5.270700,8.912580,7.386460
3.700000,6.137140,3.424400,15.871620,5.247800,8.960960,7.347880
3.720000,6.208320,3.426600,15.882540,5.022200,8.956240,7.333040
3.740000,6.260160,3.561600,15.987060,4.760800,8.966840,7.449840
3.760000,6.206900,3.700200,16.256540,4.602800,8.992800,7.453160
3.780000,6.282340,3.445100,16.226660,4.228300,8.954040,7.546840
3.800000,6.212640,3.588300,16.281340,3.700400,8.741660,7.292000
3.820000,6.233760,3.560700,16.462160,3.378500,8.541660,7.077220
3.840000,6.257100,3.427400,16.614540,3.273400,8.429360,6.879200
3.860000,6.255400,3.616800,16.741240,3.173500,8.322200,6.875920
3.880000,6.247360,3.619100,16.832399,3.155400,8.237540,6.806300
3.900000,6.310940,3.668900,16.805180,3.213300,8.041580,6.818840
3.920000,6.278120,3.573900,16.866899,3.215200,7.956580,6.721260
3.940000,6.264140,3.540300,16.860479,3.111700,7.873180,6.128900
3.960000,6.236380,3.446500,16.941601,2.926600,7.352380,5.985040
3.980000,6.213280,3.522900,16.885300,2.931000,7.118180,5.783960
4.000000,6.167580,3.549100,16.915859,3.077500,7.410260,6.053900
4.020000,6.168360,3.588200,16.957880,3.244200,8.074580,6.634220
4.040000,6.269320,3.568800,17.037300,3.432200,8.919760,7.395860
4.060000,6.199140,3.682100,17.008640,3.628900,9.642560,8.071120
4.080000,6.256260,3.686000,17.145861,3.857900,10.057180,8.285200
4.100000,6.270640,3.457900,17.062080,3.919700,10.215540,8.440300
4.120000,6.223800,3.543100,17.043159,4.026700,10.241660,8.380880
4.140000,6.269820,3.463000,16.811020,4.140500,10.245620,8.519200
4.160000,6.267580,3.502900,16.764219,4.365400,10.180340,8.500920
4.180000,6.277280,3.547700,16.665220,4.472500,10.210860,8.559900
4.200000,6.246840,3.549900,16.558201,4.572400,10.113140,8.362220
4.220000,6.348500,3.511100,16.544821,4.674700,10.011220,8.304540
4.240000,6.270940,3.300800,16.590759,4.735300,9.894020,8.109980
4.260000,6.259660,3.436100,16.502520,4.779400,9.785600,8.187940
4.280000,6.264420,3.382000,16.467699,4.844400,9.729080,8.059640
4.300000,6.247540,3.382700,16.434820,4.769100,9.686600,7.903780
4.320000,6.217720,3.320500,16.384159,4.666400,9.658960,7.879520
4.340000,6.222640,3.396300,16.438160,4.700500,9.664240,7.882420
4.360000,6.248960,3.368600,16.363420,4.888600,9.720400,7.979660
4.380000,6.182740,3.346900,16.210699,5.061000,9.613920,7.904780
4.400000,6.251060,3.367500,15.820320,4.986800,9.682120,7.932400
4.420000,6.251200,3.400600,15.641840,4.807200,9.679460,7.999700
4.440000,6.276200,3.372800,15.327660,4.548500,9.641440,8.024900
4.460000,6.258660,3.357500,15.092120,4.317200,9.652680,8.008360
4.480000,6.229580,3.298100,15.041940,4.017200,9.648560,7.826060
4.500000,6.302560,3.395100,14.996280,3.957800,9.632080,7.731340
4.520000,6.238700,3.344500,15.069340,3.842700,9.588960,7.875200
4.540000,6.284800,3.196000,14.969700,3.868200,9.606400,7.751400
4.560000,6.267300,3.201100,14.883100,3.728300,9.529040,7.779180
4.580000,6.242300,3.344100,14.793880,3.733400,9.541880,7.729620
4.600000,6.220120,3.285500,14.531440,3.704400,9.444540,7.689840
4.620000,6.275680,3.266200,14.144480,3.549000,9.339760,7.621600
4.640000,6.224000,3.358100,13.792220,3.334000,9.094560,7.483860
4.660000,6.194720,3.331100,13.478540,3.150800,9.027820,7.305300
4.680000,6.259860,3.292100,13.249940,3.198600,9.015740,7.357400
4.700000,6.271500,3.249300,12.986720,3.289300,9.308800,7.484540
4.720000,6.263460,3.209000,12.979340,3.475000,9.586540,7.819380
4.740000,6.228720,3.253600,12.664380,3.784000,9.756360,8.001400
4.760000,6.244080,3.325000,12.384960,4.024100,9.801700,7.992500
4.780000,6.238760,3.213100,12.159960,4.201100,9.877080,8.072700
4.800000,6.234600,3.168500,11.945760,4.213000,9.893200,8.156120
4.820000,6.264940,3.144700,11.656760,4.182100,9.887980,8.024540
4.840000,6.232620,3.173500,11.361400,4.189300,9.877520,8.031920
4.860000,6.255360,3.195700,11.222800,4.183800,9.785640,8.061960
4.880000,6.287420,3.264200,10.808300,4.053500,9.889000,7.954240
4.900000,6.242340,3.001600,10.246760,4.009800,9.843880,7.951540
4.920000,6.243220,3.241900,9.762080,3.896400,9.819720,7.971120
4.940000,6.193060,3.122600,9.355520,3.968400,9.849920,7.958940
4.960000,6.235160,3.196400,8.994460,3.942200,9.987940,8.144160
4.980000,6.171520,3.067600,8.444880,3.905200,10.229920,8.390940
5.000000,6.224720,3.045900,8.137780,3.982400,10.449180,8.558960
5.100000,6.211733,2.994400,8.272557,3.477400,10.566148,8.728424
5.200000,6.203767,2.927800,7.836757,3.249900,10.835624,8.957276
5.300000,6.171138,2.860300,6.130429,2.775800,10.979976,9.091905
5.400000,6.130176,2.883500,6.183348,2.338900,10.780981,8.999595
5.500000,6.101071,2.706000,6.322062,1.927300,8.792700,7.333052
5.600000,6.021886,2.619800,6.003505,1.783300,6.863710,5.360371
5.700000,5.984010,2.646400,6.512005,1.685000,7.550967,5.855433
5.800000,5.918448,2.501700,6.348310,1.522800,6.444200,4.796748
5.900000,5.981652,2.402800,5.838157,1.401600,6.511714,4.873043
6.000000,5.966324,2.441800,5.807133,1.269000,6.403533,4.819233
6.100000,5.994691,2.289600,5.880771,1.285100,6.230357,4.671600
6.200000,5.980062,2.177000,5.236367,1.862800,6.643205,4.955148
6.300000,6.141600,2.008500,5.597462,4.259100,8.191843,5.907657
6.400000,6.226476,1.971200,6.562138,17.252199,10.028410,7.555619
6.500000,6.295129,1.795800,6.364891,39.085999,11.151062,8.770438
6.600000,6.324833,1.572900,6.058271,35.539600,10.128786,8.062595
6.700000,6.251086,1.514700,5.988610,30.041000,8.343805,6.482348
6.800000,6.107124,1.462300,5.933195,26.417400,6.695757,4.661638
6.900000,6.187252,1.317200,5.578729,23.061199,6.592886,4.416662
7.000000,6.332795,1.090600,5.560633,22.132700,6.830267,4.469791
7.100000,6.373667,0.950400,5.972291,21.004999,7.034619,4.844857
7.200000,6.384314,0.837500,6.734895,16.210501,7.252076,5.223257
7.300000,6.449591,0.713900,6.999457,12.467400,7.797800,5.969410
7.400000,6.508481,0.515000,7.522052,10.531700,8.641500,6.917743
7.500000,6.634233,0.392600,7.884576,9.347000,8.197857,6.642624
7.600000,6.757191,0.256100,8.285038,8.609300,6.836243,5.601462
7.700000,6.840057,0.061500,8.572091,8.081400,7.293276,5.530267
7.800000,6.939152,-0.001790,8.934457,7.633300,6.858086,5.143538
7.900000,7.104105,0.042400,10.047819,7.255700,6.284014,4.602448
8.000000,7.295410,0.484000,12.382986,6.969900,5.767614,4.188352
8.100000,7.529629,1.679800,15.424881,6.775100,5.503043,3.920214
8.200000,7.708124,3.805400,18.114052,6.618400,5.311338,3.675581
8.300000,7.962176,6.344200,18.855181,6.436100,5.129667,3.446057
8.400000,8.124200,8.928600,20.537838,6.285400,4.873367,3.306400
8.500000,8.307176,11.211100,22.556257,6.246500,4.762448,3.194810
8.600000,8.533714,13.408400,21.349543,6.389900,4.867229,3.169133
8.700000,9.067262,15.292600,24.513262,6.501300,5.023962,3.285657
8.800000,9.677691,17.129400,28.384748,6.715600,5.274948,3.538638
8.900000,10.161171,18.885099,29.949823,6.857100,5.230871,3.739352
9.000000,10.344767,21.122999,31.204449,6.934800,5.348519,3.766019
9.100000,11.014029,23.521000,32.299309,7.022500,5.441876,3.739786
9.200000,11.815229,26.131001,32.103142,7.093200,5.212143,3.867152
9.300000,11.976981,27.996099,30.550533,7.300100,5.069733,3.761448
9.400000,11.439367,29.014000,26.437366,7.774800,4.776595,3.748381
9.500000,11.798638,29.015200,25.362015,8.440000,4.738376,3.879919
9.600000,13.539738,28.277800,27.682524,8.884000,5.037095,4.128005
9.700000,13.610524,27.064800,25.931791,9.024700,5.282062,4.370091
9.800000,12.326386,25.825399,23.302776,8.849400,5.622210,4.759433
9.900000,11.964852,24.672001,22.128881,8.671500,5.848514,4.701971
10.000000,11.321648,23.370899,21.288277,8.236600,5.423300,4.348029
10.100000,10.737057,22.417700,19.959595,7.716400,5.096471,4.127162
10.200000,10.298005,21.355000,18.077757,7.085200,4.848648,3.765543
10.300000,9.414081,20.769300,15.837224,6.674700,4.560843,3.538714
10.400000,8.697038,19.807100,13.678191,6.311500,4.366876,3.350571
10.500000,8.093876,19.089701,12.116129,5.803300,4.155481,3.270905
10.600000,7.692610,18.277201,10.969776,5.658700,3.990010,3.096162
10.700000,7.587724,17.312500,10.268510,5.555000,3.939276,2.948300
10.800000,7.780414,16.355499,9.877433,5.601100,3.767591,2.893762
10.900000,7.877771,15.567300,9.826571,5.777200,3.702414,2.767695
11.000000,7.987757,14.398100,9.607900,5.893100,3.747752,2.649857
11.100000,7.941662,13.218500,8.996962,6.105700,3.818610,2.741900
11.200000,7.700476,12.307400,8.242438,8.591900,4.355067,2.988295
11.300000,7.623310,11.361300,7.829662,12.975400,4.199086,2.963562
11.400000,7.561824,10.751800,7.285467,11.982500,3.306000,2.687324
11.500000,7.536738,10.060900,7.142752,9.363800,3.366195,2.718738
11.600000,7.347695,9.553400,6.618114,6.856200,3.354167,2.335338
11.700000,7.349133,8.622000,6.040324,5.986100,2.857638,1.931586
11.800000,7.328871,7.937300,5.493010,5.646000,2.735238,1.852233
11.900000,7.257848,7.473900,5.346500,5.380500,2.663662,1.931952
12.000000,7.168962,6.937100,4.941510,5.299600,2.643348,1.716848
12.100000,7.037329,6.773600,4.459981,5.166300,2.586795,1.936938
12.200000,7.160743,6.755300,4.191700,5.126800,2.524238,1.607367
12.300000,7.202391,6.396100,4.467662,4.991900,2.526319,1.474362
12.400000,6.873305,6.539500,5.067757,4.924800,2.746114,1.581448
12.500000,7.173971,6.750900,5.910238,4.856900,2.894095,2.014676
12.600000,7.063376,7.221600,6.355924,4.833500,2.842848,2.052248
12.700000,7.172833,7.339600,6.757052,4.751700,3.228071,2.153329
12.800000,7.316295,7.657700,7.008152,4.677900,3.485929,2.313724
12.900000,6.973529,7.831700,7.158433,4.790900,3.734743,2.906871
13.000000,6.946657,7.910000,6.940995,4.790500,3.712667,2.841362
13.100000,6.986886,7.995700,6.763086,4.685600,4.091871,2.992552
13.200000,7.056695,7.844700,6.696886,4.767300,4.351243,3.929119
13.300000,7.103148,7.729300,7.021005,4.582400,4.955757,3.767262
13.400000,7.112214,7.920300,6.676538,4.435000,5.066443,3.986929
13.500000,6.970538,7.745500,6.415500,4.529900,5.194443,4.353452
13.600000,7.135567,7.466400,6.043762,4.186200,5.881195,4.741100
13.700000,7.155762,7.267800,5.693295,4.090000,6.137243,5.145095
13.800000,7.116900,7.048600,5.601048,3.880000,6.623052,5.513105
13.900000,7.183895,7.130700,5.257548,3.283300,6.931705,5.709724
14.000000,7.155800,7.003000,5.329718,3.208200,6.979646,6.040718
